序号,公司,岗位,城市,薪资,岗位真实性,简历匹配度,简历通过率,现金流价值,长期路线价值,投递建议,风险标签,证据,简历关键词建议,job_url
1,VirtusLab,Python Engineer,"Australia,Canada,Germany,India,United Kingdom,United States",未明确,82,83,70,62,96,可以投,年限要求过高、值得投递、可作为跳板岗位,lf! Requirements Senior Python Engineer Details: Required skills: Python: Expert Asyncio / concurrent programming:,突出创业 CTO/GitHub：Python、FastAPI、API 服务、AI workflow、数据处理、系统架构；突出华为/GitHub：Docker、Nginx、GitHub Actions、云服务巡检、自动化脚本,https://himalayas.app/companies/virtuslab/jobs/python-engineer
2,TalentNeuron,Python Developer - Data Engineering,Germany,未明确,82,83,70,62,96,可以投,年限要求过高、值得投递、可作为跳板岗位,We are seeking a Senior Python Developer – Data Engineering with a strong focus on data engineering to join our te,突出创业 CTO/GitHub：Python、FastAPI、API 服务、AI workflow、数据处理、系统架构；突出 Foxconn/创业：日志分析、数据清洗、SQL、报表/看板、异常分析,https://himalayas.app/companies/talentneuron/jobs/python-developer-data-engineering-5767078098
3,Sophos,Senior Python Engineer,Canada,CAD 125000-209000/year,92,53,60,66,66,低优先级投,年限要求过高,"ces and REST APIs using Python, FastAPI, and Celery. Build AI-powered applications as well as the platforms and se",突出华为：Linux 后端、高可用、自愈系统、日志排查、CI/CD、线上问题定位；突出创业 CTO/GitHub：Python、FastAPI、API 服务、AI workflow、数据处理、系统架构；突出华为/GitHub：Docker、Nginx、GitHub Actions、云服务巡检、自动化脚本；突出 Foxconn/创业：日志分析、数据清洗、SQL、报表/看板、异常分析,https://himalayas.app/companies/sophos/jobs/senior-python-engineer
4,nooro,iOS Developer,USA,$60k-$130k (depending on experience),92,29,55,58,45,低优先级投,,"ith our backend team on API integration - Write clean, modular, and reusable code - Participate in code reviews an",突出创业 CTO/GitHub：Python、FastAPI、API 服务、AI workflow、数据处理、系统架构,https://remotive.com/remote-jobs/software-development/ios-developer-1956455
5,"Credit Wellness, LLC",Inside Sales Contractor,Worldwide,OTE $25k - $35k,92,16,49,52,20,删除,不建议投递,About Us We are a financial services start up focusing on helping to improve consumer credit profiles. We are ,不建议为该岗位大改简历；若投递只保留远程协作、英语、基础数据处理,https://remotive.com/remote-jobs/sales/inside-sales-contractor-2086540
6,IAPWE,Freelance Writer,Worldwide,$50-$75 /hour,92,38,59,62,42,低优先级投,,Our organization is seeking content writers to create articles and blog posts on a variety of topics. The rate,不建议为该岗位大改简历；若投递只保留远程协作、英语、基础数据处理,https://remotive.com/remote-jobs/writing/freelance-writer-1185979
7,CSC Generation,Lead Software Engineer,Remote - Canada,未明确,82,69,78,62,79,可以投,值得投递、可作为跳板岗位, design Experience with Python and Django or comparable server-side frameworks Track record of owning a product or,突出创业 CTO/GitHub：Python、FastAPI、API 服务、AI workflow、数据处理、系统架构；突出华为/GitHub：Docker、Nginx、GitHub Actions、云服务巡检、自动化脚本,https://remoteOK.com/remote-jobs/remote-lead-software-engineer-csc-generation-1131529
8,Spotify,Engineering Manager AI Fleet Management & Honk,全球远程,未明确,82,87,86,69,96,可以投,值得投递、可作为跳板岗位,"rong expertise in Java, Python, and/or Node.js â¢ You have experience integrating AI/ML systems, LLMs, agent fram",突出创业 CTO/GitHub：Python、FastAPI、API 服务、AI workflow、数据处理、系统架构,https://remoteOK.com/remote-jobs/remote-engineering-manager-ai-fleet-management-amp-honk-spotify-1131520
9,Civitech,Analytics Engineer,"Austin, TX or Remote",未明确,82,80,83,66,80,可以投,值得投递、可作为跳板岗位,"ve with confidence. Use Python where it's the right tool â for orchestration, ad-hoc work, or transformations th",突出创业 CTO/GitHub：Python、FastAPI、API 服务、AI workflow、数据处理、系统架构；突出 Foxconn/创业：日志分析、数据清洗、SQL、报表/看板、异常分析,https://remoteOK.com/remote-jobs/remote-analytics-engineer-civitech-1131512
